Row ID,Order ID,Order Date,Ship Date,Ship Mode,Customer ID,Customer Name,Segment,Country,City,Sales
1,CA-2017-152156,08-11-2017,11-11-2017,Second Class,CG-12520,Claire Gute,Consumer,United States,Henderson,261.96
2,CA-2017-152156,08-11-2017,11-11-2017,Second Class,CG-12520,Claire Gute,Consumer,United States,Henderson,731.94
3,CA-2017-138688,12-06-2017,16-06-2017,Second Class,DV-13045,Darrin Van Huff,Corporate,United States,Los Angeles,14.62
4,US-2016-108966,11-10-2016,18-10-2016,Standard Class,SO-20335,Sean O'Donnell,Consumer,United States,Fort Lauderdale,957.5775
5,US-2016-108966,11-10-2016,18-10-2016,Standard Class,SO-20335,Sean O'Donnell,Consumer,United States,Fort Lauderdale,22.368
6,CA-2015-115812,09-06-2015,14-06-2015,Standard Class,BH-11710,Brosina Hoffman,Consumer,United States,Los Angeles,48.86
7,CA-2015-115812,09-06-2015,14-06-2015,Standard Class,BH-11710,Brosina Hoffman,Consumer,United States,Los Angeles,7.28
8,CA-2015-115812,09-06-2015,14-06-2015,Standard Class,BH-11710,Brosina Hoffman,Consumer,United States,Los Angeles,907.152
9,CA-2015-115812,09-06-2015,14-06-2015,Standard Class,BH-11710,Brosina Hoffman,Consumer,United States,Los Angeles,18.504
10,CA-2015-115812,09-06-2015,14-06-2015,Standard Class,BH-11710,Brosina Hoffman,Consumer,United States,Los Angeles,114.9
11,CA-2015-115812,09-06-2015,14-06-2015,Standard Class,BH-11710,Brosina Hoffman,Consumer,United States,Los Angeles,1706.184
12,CA-2015-115812,09-06-2015,14-06-2015,Standard Class,BH-11710,Brosina Hoffman,Consumer,United States,Los Angeles,911.424
13,CA-2018-114412,15-04-2018,20-04-2018,Standard Class,AA-10480,Andrew Allen,Consumer,United States,Concord,15.552
14,CA-2017-161389,05-12-2017,10-12-2017,Standard Class,IM-15070,Irene Maddox,Consumer,United States,Seattle,407.976
15,US-2016-118983,22-11-2016,26-11-2016,Standard Class,HP-14815,Harold Pawlan,Home Office,United States,Fort Worth,68.81
16,US-2016-118983,22-11-2016,26-11-2016,Standard Class,HP-14815,Harold Pawlan,Home Office,United States,Fort Worth,2.544
17,CA-2015-105893,11-11-2015,18-11-2015,Standard Class,PK-19075,Pete Kriz,Consumer,United States,Madison,665.88
18,CA-2015-167164,13-05-2015,15-05-2015,Second Class,AG-10270,Alejandro Grove,Consumer,United States,West Jordan,55.5
19,CA-2015-143336,27-08-2015,01-09-2015,Second Class,ZD-21925,Zuschuss Donatelli,Consumer,United States,San Francisco,8.56
20,CA-2015-143336,27-08-2015,01-09-2015,Second Class,ZD-21925,Zuschuss Donatelli,Consumer,United States,San Francisco,213.48
21,CA-2015-143336,27-08-2015,01-09-2015,Second Class,ZD-21925,Zuschuss Donatelli,Consumer,United States,San Francisco,22.72
22,CA-2017-137330,09-12-2017,13-12-2017,Standard Class,KB-16585,Ken Black,Corporate,United States,Fremont,19.46
23,CA-2017-137330,09-12-2017,13-12-2017,Standard Class,KB-16585,Ken Black,Corporate,United States,Fremont,60.34
24,US-2018-156909,16-07-2018,18-07-2018,Second Class,SF-20065,Sandra Flanagan,Consumer,United States,Philadelphia,71.372
25,CA-2016-106320,25-09-2016,30-09-2016,Standard Class,EB-13870,Emily Burns,Consumer,United States,Orem,1044.63
26,CA-2017-121755,16-01-2017,20-01-2017,Second Class,EH-13945,Eric Hoffmann,Consumer,United States,Los Angeles,11.648
27,CA-2017-121755,16-01-2017,20-01-2017,Second Class,EH-13945,Eric Hoffmann,Consumer,United States,Los Angeles,90.57
28,US-2016-150630,17-09-2016,21-09-2016,Standard Class,TB-21520,Tracy Blumstein,Consumer,United States,Philadelphia,3083.43
29,US-2016-150630,17-09-2016,21-09-2016,Standard Class,TB-21520,Tracy Blumstein,Consumer,United States,Philadelphia,9.618
30,US-2016-150630,17-09-2016,21-09-2016,Standard Class,TB-21520,Tracy Blumstein,Consumer,United States,Philadelphia,124.2
31,US-2016-150630,17-09-2016,21-09-2016,Standard Class,TB-21520,Tracy Blumstein,Consumer,United States,Philadelphia,3.264
32,US-2016-150630,17-09-2016,21-09-2016,Standard Class,TB-21520,Tracy Blumstein,Consumer,United States,Philadelphia,86.304
33,US-2016-150630,17-09-2016,21-09-2016,Standard Class,TB-21520,Tracy Blumstein,Consumer,United States,Philadelphia,6.858
34,US-2016-150630,17-09-2016,21-09-2016,Standard Class,TB-21520,Tracy Blumstein,Consumer,United States,Philadelphia,15.76
35,CA-2018-107727,19-10-2018,23-10-2018,Second Class,MA-17560,Matt Abelman,Home Office,United States,Houston,29.472
36,CA-2017-117590,08-12-2017,10-12-2017,First Class,GH-14485,Gene Hale,Corporate,United States,Richardson,1097.544
37,CA-2017-117590,08-12-2017,10-12-2017,First Class,GH-14485,Gene Hale,Corporate,United States,Richardson,190.92
38,CA-2016-117415,27-12-2016,31-12-2016,Standard Class,SN-20710,Steve Nguyen,Home Office,United States,Houston,113.328
39,CA-2016-117415,27-12-2016,31-12-2016,Standard Class,SN-20710,Steve Nguyen,Home Office,United States,Houston,532.3992
40,CA-2016-117415,27-12-2016,31-12-2016,Standard Class,SN-20710,Steve Nguyen,Home Office,United States,Houston,212.058
41,CA-2016-117415,27-12-2016,31-12-2016,Standard Class,SN-20710,Steve Nguyen,Home Office,United States,Houston,371.168
42,CA-2018-120999,10-09-2018,15-09-2018,Standard Class,LC-16930,Linda Cazamias,Corporate,United States,Naperville,147.168
43,CA-2017-101343,17-07-2017,22-07-2017,Standard Class,RA-19885,Ruben Ausman,Corporate,United States,Los Angeles,77.88
44,CA-2018-139619,19-09-2018,23-09-2018,Standard Class,ES-14080,Erin Smith,Corporate,United States,Melbourne,95.616
45,CA-2017-118255,11-03-2017,13-03-2017,First Class,ON-18715,Odella Nelson,Corporate,United States,Eagan,45.98
46,CA-2017-118255,11-03-2017,13-03-2017,First Class,ON-18715,Odella Nelson,Corporate,United States,Eagan,17.46
47,CA-2015-146703,20-10-2015,25-10-2015,Second Class,PO-18865,Patrick O'Donnell,Consumer,United States,Westland,211.96
48,CA-2017-169194,20-06-2017,25-06-2017,Standard Class,LH-16900,Lena Hernandez,Consumer,United States,Dover,45
49,CA-2017-169194,20-06-2017,25-06-2017,Standard Class,LH-16900,Lena Hernandez,Consumer,United States,Dover,21.8
50,CA-2016-115742,18-04-2016,22-04-2016,Standard Class,DP-13000,Darren Powers,Consumer,United States,New Albany,38.22
51,CA-2016-115742,18-04-2016,22-04-2016,Standard Class,DP-13000,Darren Powers,Consumer,United States,New Albany,75.18
52,CA-2016-115742,18-04-2016,22-04-2016,Standard Class,DP-13000,Darren Powers,Consumer,United States,New Albany,6.16
53,CA-2016-115742,18-04-2016,22-04-2016,Standard Class,DP-13000,Darren Powers,Consumer,United States,New Albany,89.99
54,CA-2017-105816,11-12-2017,17-12-2017,Standard Class,JM-15265,Janet Molinari,Corporate,United States,New York City,15.26
55,CA-2017-105816,11-12-2017,17-12-2017,Standard Class,JM-15265,Janet Molinari,Corporate,United States,New York City,1029.95
56,CA-2017-111682,17-06-2017,18-06-2017,First Class,TB-21055,Ted Butterfield,Consumer,United States,Troy,208.56
57,CA-2017-111682,17-06-2017,18-06-2017,First Class,TB-21055,Ted Butterfield,Consumer,United States,Troy,32.4
58,CA-2017-111682,17-06-2017,18-06-2017,First Class,TB-21055,Ted Butterfield,Consumer,United States,Troy,319.41
59,CA-2017-111682,17-06-2017,18-06-2017,First Class,TB-21055,Ted Butterfield,Consumer,United States,Troy,14.56
60,CA-2017-111682,17-06-2017,18-06-2017,First Class,TB-21055,Ted Butterfield,Consumer,United States,Troy,30
61,CA-2017-111682,17-06-2017,18-06-2017,First Class,TB-21055,Ted Butterfield,Consumer,United States,Troy,48.48
62,CA-2017-111682,17-06-2017,18-06-2017,First Class,TB-21055,Ted Butterfield,Consumer,United States,Troy,1.68
63,CA-2016-135545,24-11-2016,30-11-2016,Standard Class,KM-16720,Kunst Miller,Consumer,United States,Los Angeles,13.98
64,CA-2016-135545,24-11-2016,30-11-2016,Standard Class,KM-16720,Kunst Miller,Consumer,United States,Los Angeles,25.824
65,CA-2016-135545,24-11-2016,30-11-2016,Standard Class,KM-16720,Kunst Miller,Consumer,United States,Los Angeles,146.73
66,CA-2016-135545,24-11-2016,30-11-2016,Standard Class,KM-16720,Kunst Miller,Consumer,United States,Los Angeles,79.76
67,US-2016-164175,30-04-2016,05-05-2016,Standard Class,PS-18970,Paul Stevenson,Home Office,United States,Chicago,213.115
68,CA-2015-106376,05-12-2015,10-12-2015,Standard Class,BS-11590,Brendan Sweed,Corporate,United States,Gilbert,1113.024
69,CA-2015-106376,05-12-2015,10-12-2015,Standard Class,BS-11590,Brendan Sweed,Corporate,United States,Gilbert,167.968
70,CA-2017-119823,04-06-2017,06-06-2017,First Class,KD-16270,Karen Daniels,Consumer,United States,Springfield,75.88
71,CA-2017-106075,18-09-2017,23-09-2017,Standard Class,HM-14980,Henry MacAllister,Consumer,United States,New York City,4.616
72,CA-2018-114440,14-09-2018,17-09-2018,Second Class,TB-21520,Tracy Blumstein,Consumer,United States,Jackson,19.05
73,US-2016-134026,26-04-2016,02-05-2016,Standard Class,JE-15745,Joel Eaton,Consumer,United States,Memphis,831.936
74,US-2016-134026,26-04-2016,02-05-2016,Standard Class,JE-15745,Joel Eaton,Consumer,United States,Memphis,97.04
75,US-2016-134026,26-04-2016,02-05-2016,Standard Class,JE-15745,Joel Eaton,Consumer,United States,Memphis,72.784
76,US-2018-118038,09-12-2018,11-12-2018,First Class,KB-16600,Ken Brennan,Corporate,United States,Houston,1.248
77,US-2018-118038,09-12-2018,11-12-2018,First Class,KB-16600,Ken Brennan,Corporate,United States,Houston,9.708
78,US-2018-118038,09-12-2018,11-12-2018,First Class,KB-16600,Ken Brennan,Corporate,United States,Houston,27.24
79,US-2015-147606,26-11-2015,01-12-2015,Second Class,JE-15745,Joel Eaton,Consumer,United States,Houston,19.3
80,CA-2017-127208,12-06-2017,15-06-2017,First Class,SC-20770,Stewart Carmichael,Corporate,United States,Decatur,208.16
81,CA-2017-127208,12-06-2017,15-06-2017,First Class,SC-20770,Stewart Carmichael,Corporate,United States,Decatur,16.74
82,CA-2015-139451,12-10-2015,16-10-2015,Standard Class,DN-13690,Duane Noonan,Consumer,United States,San Francisco,14.9
83,CA-2015-139451,12-10-2015,16-10-2015,Standard Class,DN-13690,Duane Noonan,Consumer,United States,San Francisco,21.39
84,CA-2016-149734,03-09-2016,08-09-2016,Standard Class,JC-16105,Julie Creighton,Corporate,United States,Durham,200.984
85,US-2018-119662,13-11-2018,16-11-2018,First Class,CS-12400,Christopher Schild,Home Office,United States,Chicago,230.376
86,CA-2018-140088,28-05-2018,30-05-2018,Second Class,PO-18865,Patrick O'Donnell,Consumer,United States,Columbia,301.96
87,CA-2018-155558,26-10-2018,02-11-2018,Standard Class,PG-18895,Paul Gonzalez,Consumer,United States,Rochester,19.99
88,CA-2018-155558,26-10-2018,02-11-2018,Standard Class,PG-18895,Paul Gonzalez,Consumer,United States,Rochester,6.16
89,CA-2017-159695,05-04-2017,10-04-2017,Second Class,GM-14455,Gary Mitchum,Home Office,United States,Houston,158.368
90,CA-2017-109806,17-09-2017,22-09-2017,Standard Class,JS-15685,Jim Sink,Corporate,United States,Los Angeles,20.1
91,CA-2017-109806,17-09-2017,22-09-2017,Standard Class,JS-15685,Jim Sink,Corporate,United States,Los Angeles,73.584
92,CA-2017-109806,17-09-2017,22-09-2017,Standard Class,JS-15685,Jim Sink,Corporate,United States,Los Angeles,6.48
93,CA-2016-149587,31-01-2016,05-02-2016,Second Class,KB-16315,Karl Braun,Consumer,United States,Minneapolis,12.96
94,CA-2016-149587,31-01-2016,05-02-2016,Second Class,KB-16315,Karl Braun,Consumer,United States,Minneapolis,53.34
95,CA-2016-149587,31-01-2016,05-02-2016,Second Class,KB-16315,Karl Braun,Consumer,United States,Minneapolis,32.96
96,US-2018-109484,06-11-2018,12-11-2018,Standard Class,RB-19705,Roger Barcio,Home Office,United States,Portland,5.682
97,CA-2018-161018,09-11-2018,11-11-2018,Second Class,PN-18775,Parhena Norris,Home Office,United States,New York City,96.53
98,CA-2018-157833,17-06-2018,20-06-2018,First Class,KD-16345,Katherine Ducich,Consumer,United States,San Francisco,51.312
99,CA-2017-149223,06-09-2017,11-09-2017,Standard Class,ER-13855,Elpida Rittenbach,Corporate,United States,Saint Paul,77.88
100,CA-2017-158568,29-08-2017,02-09-2017,Standard Class,RB-19465,Rick Bensley,Home Office,United States,Chicago,64.624
101,CA-2017-158568,29-08-2017,02-09-2017,Standard Class,RB-19465,Rick Bensley,Home Office,United States,Chicago,95.976
102,CA-2017-158568,29-08-2017,02-09-2017,Standard Class,RB-19465,Rick Bensley,Home Office,United States,Chicago,1.788
103,CA-2017-129903,01-12-2017,04-12-2017,Second Class,GZ-14470,Gary Zandusky,Consumer,United States,Rochester,23.92
104,US-2016-156867,13-11-2016,17-11-2016,Standard Class,LC-16870,Lena Cacioppo,Consumer,United States,Aurora,238.896
105,US-2016-156867,13-11-2016,17-11-2016,Standard Class,LC-16870,Lena Cacioppo,Consumer,United States,Aurora,102.36
106,US-2016-156867,13-11-2016,17-11-2016,Standard Class,LC-16870,Lena Cacioppo,Consumer,United States,Aurora,36.882
107,CA-2018-119004,23-11-2018,28-11-2018,Standard Class,JM-15250,Janet Martin,Consumer,United States,Charlotte,74.112
108,CA-2018-119004,23-11-2018,28-11-2018,Standard Class,JM-15250,Janet Martin,Consumer,United States,Charlotte,27.992
109,CA-2018-119004,23-11-2018,28-11-2018,Standard Class,JM-15250,Janet Martin,Consumer,United States,Charlotte,3.304
110,CA-2016-129476,15-10-2016,20-10-2016,Standard Class,PA-19060,Pete Armstrong,Home Office,United States,Orland Park,339.96
111,CA-2018-146780,25-12-2018,30-12-2018,Standard Class,CV-12805,Cynthia Voltz,Corporate,United States,New York City,41.96
112,CA-2017-128867,03-11-2017,10-11-2017,Standard Class,CL-12565,Clay Ludtke,Consumer,United States,Urbandale,75.96
113,CA-2017-128867,03-11-2017,10-11-2017,Standard Class,CL-12565,Clay Ludtke,Consumer,United States,Urbandale,27.24
114,CA-2015-115259,25-08-2015,27-08-2015,Second Class,RC-19960,Ryan Crowe,Consumer,United States,Columbus,40.096
115,CA-2015-115259,25-08-2015,27-08-2015,Second Class,RC-19960,Ryan Crowe,Consumer,United States,Columbus,4.72
116,CA-2015-115259,25-08-2015,27-08-2015,Second Class,RC-19960,Ryan Crowe,Consumer,United States,Columbus,23.976
117,CA-2015-115259,25-08-2015,27-08-2015,Second Class,RC-19960,Ryan Crowe,Consumer,United States,Columbus,130.464
118,CA-2016-110457,02-03-2016,06-03-2016,Standard Class,DK-13090,Dave Kipp,Consumer,United States,Seattle,787.53
119,US-2016-136476,05-04-2016,10-04-2016,Standard Class,GG-14650,Greg Guthrie,Corporate,United States,Bristol,157.794
120,CA-2017-103730,12-06-2017,15-06-2017,First Class,SC-20725,Steven Cartwright,Consumer,United States,Wilmington,47.04
121,CA-2017-103730,12-06-2017,15-06-2017,First Class,SC-20725,Steven Cartwright,Consumer,United States,Wilmington,30.84
122,CA-2017-103730,12-06-2017,15-06-2017,First Class,SC-20725,Steven Cartwright,Consumer,United States,Wilmington,226.56
123,CA-2017-103730,12-06-2017,15-06-2017,First Class,SC-20725,Steven Cartwright,Consumer,United States,Wilmington,115.02
124,CA-2017-103730,12-06-2017,15-06-2017,First Class,SC-20725,Steven Cartwright,Consumer,United States,Wilmington,68.04
125,US-2015-152030,26-12-2015,28-12-2015,Second Class,AD-10180,Alan Dominguez,Home Office,United States,Houston,600.558
126,US-2015-134614,20-09-2015,25-09-2015,Standard Class,PF-19165,Philip Fox,Consumer,United States,Bloomington,617.7
127,US-2018-107272,05-11-2018,12-11-2018,Standard Class,TS-21610,Troy Staebel,Consumer,United States,Phoenix,2.388
128,US-2018-107272,05-11-2018,12-11-2018,Standard Class,TS-21610,Troy Staebel,Consumer,United States,Phoenix,243.992
129,US-2017-125969,06-11-2017,10-11-2017,Second Class,LS-16975,Lindsay Shagiari,Home Office,United States,Los Angeles,81.424
130,US-2017-125969,06-11-2017,10-11-2017,Second Class,LS-16975,Lindsay Shagiari,Home Office,United States,Los Angeles,238.56
131,US-2018-164147,02-02-2018,05-02-2018,First Class,DW-13585,Dorothy Wardle,Corporate,United States,Columbus,59.97
132,US-2018-164147,02-02-2018,05-02-2018,First Class,DW-13585,Dorothy Wardle,Corporate,United States,Columbus,78.304
133,US-2018-164147,02-02-2018,05-02-2018,First Class,DW-13585,Dorothy Wardle,Corporate,United States,Columbus,21.456
134,CA-2017-145583,13-10-2017,19-10-2017,Standard Class,LC-16885,Lena Creighton,Consumer,United States,Roseville,20.04
135,CA-2017-145583,13-10-2017,19-10-2017,Standard Class,LC-16885,Lena Creighton,Consumer,United States,Roseville,35.44
136,CA-2017-145583,13-10-2017,19-10-2017,Standard Class,LC-16885,Lena Creighton,Consumer,United States,Roseville,11.52
137,CA-2017-145583,13-10-2017,19-10-2017,Standard Class,LC-16885,Lena Creighton,Consumer,United States,Roseville,4.02
138,CA-2017-145583,13-10-2017,19-10-2017,Standard Class,LC-16885,Lena Creighton,Consumer,United States,Roseville,76.176
139,CA-2017-145583,13-10-2017,19-10-2017,Standard Class,LC-16885,Lena Creighton,Consumer,United States,Roseville,65.88
140,CA-2017-145583,13-10-2017,19-10-2017,Standard Class,LC-16885,Lena Creighton,Consumer,United States,Roseville,43.12
141,CA-2017-110366,05-09-2017,07-09-2017,Second Class,JD-15895,Jonathan Doherty,Corporate,United States,Philadelphia,82.8
142,CA-2018-106180,18-09-2018,23-09-2018,Standard Class,SH-19975,Sally Hughsby,Corporate,United States,San Francisco,8.82
143,CA-2018-106180,18-09-2018,23-09-2018,Standard Class,SH-19975,Sally Hughsby,Corporate,United States,San Francisco,10.86
144,CA-2018-106180,18-09-2018,23-09-2018,Standard Class,SH-19975,Sally Hughsby,Corporate,United States,San Francisco,143.7
145,CA-2018-155376,22-12-2018,27-12-2018,Standard Class,SG-20080,Sandra Glassco,Consumer,United States,Independence,839.43
146,CA-2016-110744,07-09-2016,12-09-2016,Standard Class,HA-14920,Helen Andreada,Consumer,United States,Pasadena,671.93
147,CA-2015-110072,22-10-2015,28-10-2015,Standard Class,MG-17680,Maureen Gastineau,Home Office,United States,Newark,93.888
148,CA-2017-114489,05-12-2017,09-12-2017,Standard Class,JE-16165,Justin Ellison,Corporate,United States,Franklin,384.45
149,CA-2017-114489,05-12-2017,09-12-2017,Standard Class,JE-16165,Justin Ellison,Corporate,United States,Franklin,149.97
150,CA-2017-114489,05-12-2017,09-12-2017,Standard Class,JE-16165,Justin Ellison,Corporate,United States,Franklin,1951.84
151,CA-2017-114489,05-12-2017,09-12-2017,Standard Class,JE-16165,Justin Ellison,Corporate,United States,Franklin,171.55
152,CA-2017-158834,13-03-2017,16-03-2017,First Class,TW-21025,Tamara Willingham,Home Office,United States,Scottsdale,157.92
153,CA-2017-158834,13-03-2017,16-03-2017,First Class,TW-21025,Tamara Willingham,Home Office,United States,Scottsdale,203.184
154,CA-2016-124919,31-05-2016,02-06-2016,First Class,SP-20650,Stephanie Phelps,Corporate,United States,San Jose,58.38
155,CA-2016-124919,31-05-2016,02-06-2016,First Class,SP-20650,Stephanie Phelps,Corporate,United States,San Jose,105.52
156,CA-2016-124919,31-05-2016,02-06-2016,First Class,SP-20650,Stephanie Phelps,Corporate,United States,San Jose,80.88
157,CA-2016-118948,28-05-2016,03-06-2016,Standard Class,NK-18490,Neil Knudson,Home Office,United States,Seattle,6.63
158,CA-2015-104269,01-03-2015,06-03-2015,Second Class,DB-13060,Dave Brooks,Consumer,United States,Seattle,457.568
159,CA-2017-114104,20-11-2017,24-11-2017,Standard Class,NP-18670,Nora Paige,Consumer,United States,Edmond,14.62
160,CA-2017-114104,20-11-2017,24-11-2017,Standard Class,NP-18670,Nora Paige,Consumer,United States,Edmond,944.93
161,CA-2017-162733,11-05-2017,12-05-2017,First Class,TT-21070,Ted Trevino,Consumer,United States,Los Angeles,5.98
162,CA-2016-119697,28-12-2016,31-12-2016,Second Class,EM-13960,Eric Murdock,Consumer,United States,Philadelphia,54.384
163,CA-2017-154508,16-11-2017,20-11-2017,Standard Class,RD-19900,Ruben Dartt,Consumer,United States,Carlsbad,28.4
164,CA-2017-113817,07-11-2017,11-11-2017,Standard Class,MJ-17740,Max Jones,Consumer,United States,Seattle,27.68
165,CA-2015-139892,08-09-2015,12-09-2015,Standard Class,BM-11140,Becky Martin,Consumer,United States,San Antonio,9.936
166,CA-2015-139892,08-09-2015,12-09-2015,Standard Class,BM-11140,Becky Martin,Consumer,United States,San Antonio,8159.952
167,CA-2015-139892,08-09-2015,12-09-2015,Standard Class,BM-11140,Becky Martin,Consumer,United States,San Antonio,275.928
168,CA-2015-139892,08-09-2015,12-09-2015,Standard Class,BM-11140,Becky Martin,Consumer,United States,San Antonio,1740.06
169,CA-2015-139892,08-09-2015,12-09-2015,Standard Class,BM-11140,Becky Martin,Consumer,United States,San Antonio,32.064
170,CA-2015-139892,08-09-2015,12-09-2015,Standard Class,BM-11140,Becky Martin,Consumer,United States,San Antonio,177.98
171,CA-2015-139892,08-09-2015,12-09-2015,Standard Class,BM-11140,Becky Martin,Consumer,United States,San Antonio,143.976
172,CA-2015-118962,05-08-2015,09-08-2015,Standard Class,CS-12130,Chad Sievert,Consumer,United States,Los Angeles,20.94
173,CA-2015-118962,05-08-2015,09-08-2015,Standard Class,CS-12130,Chad Sievert,Consumer,United States,Los Angeles,110.96
174,CA-2015-118962,05-08-2015,09-08-2015,Standard Class,CS-12130,Chad Sievert,Consumer,United States,Los Angeles,340.144
175,US-2015-100853,14-09-2015,19-09-2015,Standard Class,JB-15400,Jennifer Braxton,Corporate,United States,Chicago,52.448
176,US-2015-100853,14-09-2015,19-09-2015,Standard Class,JB-15400,Jennifer Braxton,Corporate,United States,Chicago,20.16
177,US-2018-152366,21-04-2018,25-04-2018,Second Class,SJ-20500,Shirley Jackson,Consumer,United States,Houston,97.264
178,US-2016-101511,21-11-2016,23-11-2016,Second Class,JE-15745,Joel Eaton,Consumer,United States,Newark,396.802
179,US-2016-101511,21-11-2016,23-11-2016,Second Class,JE-15745,Joel Eaton,Consumer,United States,Newark,15.88
180,CA-2016-137225,15-12-2016,19-12-2016,Standard Class,JK-15640,Jim Kriz,Home Office,United States,New York City,3.28
181,CA-2015-166191,05-12-2015,09-12-2015,Second Class,DK-13150,David Kendrick,Corporate,United States,Decatur,24.816
182,CA-2015-166191,05-12-2015,09-12-2015,Second Class,DK-13150,David Kendrick,Corporate,United States,Decatur,408.744
183,CA-2015-158274,19-11-2015,24-11-2015,Second Class,RM-19675,Robert Marley,Home Office,United States,Monroe,503.96
184,CA-2015-158274,19-11-2015,24-11-2015,Second Class,RM-19675,Robert Marley,Home Office,United States,Monroe,149.95
185,CA-2015-158274,19-11-2015,24-11-2015,Second Class,RM-19675,Robert Marley,Home Office,United States,Monroe,29
186,CA-2017-105018,28-11-2017,02-12-2017,Standard Class,SK-19990,Sally Knutson,Consumer,United States,Fairfield,7.16
187,CA-2015-123260,26-08-2015,30-08-2015,Standard Class,FM-14290,Frank Merwin,Home Office,United States,Los Angeles,176.8
188,CA-2017-157000,16-07-2017,22-07-2017,Standard Class,AM-10360,Alice McCarthy,Corporate,United States,Grand Prairie,37.224
189,CA-2017-157000,16-07-2017,22-07-2017,Standard Class,AM-10360,Alice McCarthy,Corporate,United States,Grand Prairie,20.016
190,CA-2016-102281,12-10-2016,14-10-2016,First Class,MP-17470,Mark Packer,Home Office,United States,New York City,899.136
191,CA-2016-102281,12-10-2016,14-10-2016,First Class,MP-17470,Mark Packer,Home Office,United States,New York City,71.76
192,CA-2016-102281,12-10-2016,14-10-2016,First Class,MP-17470,Mark Packer,Home Office,United States,New York City,51.84
193,CA-2016-102281,12-10-2016,14-10-2016,First Class,MP-17470,Mark Packer,Home Office,United States,New York City,626.352
194,CA-2016-102281,12-10-2016,14-10-2016,First Class,MP-17470,Mark Packer,Home Office,United States,New York City,19.9
195,CA-2016-131457,31-10-2016,06-11-2016,Standard Class,MZ-17515,Mary Zewe,Corporate,United States,Redlands,14.28
196,CA-2015-140004,21-03-2015,25-03-2015,Standard Class,CB-12025,Cassandra Brandow,Consumer,United States,Hamilton,7.408
197,CA-2015-140004,21-03-2015,25-03-2015,Standard Class,CB-12025,Cassandra Brandow,Consumer,United States,Hamilton,6.048
198,CA-2018-107720,06-11-2018,13-11-2018,Standard Class,VM-21685,Valerie Mitchum,Home Office,United States,Westfield,46.26
199,US-2018-124303,06-07-2018,13-07-2018,Standard Class,FH-14365,Fred Hopkins,Corporate,United States,Philadelphia,2.946
200,US-2018-124303,06-07-2018,13-07-2018,Standard Class,FH-14365,Fred Hopkins,Corporate,United States,Philadelphia,16.056
